"Results_-/-","Results_+/-","Results_-/+","Results_+/+","Result_turnon_-/-","Result_turnon_+/-","Result_turnon_-/+","Result_turnon_+/+","Result_onratio_-/-","Result_onratio_+/-","Result_onratio_-/+","Result_onratio_+/+"
0.284230288614085,0.676260778944633,0.531989777271543,1.31676718756713,1.10007025108326,2.61736484355283,2.05898579884083,5.0963478160905,0.152829223811899,0.363622084206747,0.286048278431949,0.708019219901287
0.266265086029429,0.774002353428579,0.712109620376073,1.85979017314066,1.03053865747855,2.99565879282935,2.7561123506775,7.19803597535254,0.143169423021406,0.416177246555458,0.38289782936831,1
0.258374670466908,0.656047637850734,0.697292733926834,1.46890729006258,1,2.53913294466982,2.69876583748228,5.68518302280995,0.138926785504295,0.352753577971033,0.37493086263022,0.789824202362577
