"Results_-/-","Results_+/-","Results_-/+","Results_+/+","Result_turnon_-/-","Result_turnon_+/-","Result_turnon_-/+","Result_turnon_+/+","Result_onratio_-/-","Result_onratio_+/-","Result_onratio_-/+","Result_onratio_+/+"
0.82011035450814,1.02313489849446,0.819699906763536,1.21550356630884,1.22950249886447,1.53387517601682,1.2288871590814,1.82227265384511,0.674708307930841,0.841737471492122,0.674370630810032,1
0.667026179503958,0.760720408536194,0.926417155395094,1.03072727071262,1,1.14046559477158,1.38887675455862,1.54525759615482,0.54876530023646,0.625847944524177,0.762167369206802,0.84798374869657
0.779464124456448,0.947092147580076,0.909186069628114,1.12712510374085,1.16856601495927,1.41987252776854,1.36304405668791,1.68977641114334,0.641268480045248,0.779176773998403,0.747991281003864,0.927290659593561
