"Results_-/-","Results_+/-","Results_-/+","Results_+/+","Result_turnon_-/-","Result_turnon_+/-","Result_turnon_-/+","Result_turnon_+/+","Result_onratio_-/-","Result_onratio_+/-","Result_onratio_-/+","Result_onratio_+/+"
0.360686002455259,0.902500087445939,0.768937688800837,1.20473372868702,1.61056352094296,4.02991440919188,3.43352107658916,5.37947184716046,0.279680585339646,0.699810225536191,0.596244216381004,0.934166094952342
0.342732988249536,0.830879324545689,0.73180358023561,1.28963546760759,1.53039830916906,3.71010774277278,3.26770693289971,5.75858177280016,0.265759586222719,0.644274560847072,0.56744994893261,1
0.223950187474805,0.957677165078088,1.02049765607236,1.14299046265991,1,4.27629543818011,4.55680643798152,5.10377095705044,0.173653868166526,0.742595244262846,0.791307064441622,0.886289568927782
