"","Results","on","group"
"1",0.759793892802485,1,"1"
"2",0.699039276071308,1,"1"
"3",0.693048327039126,1,"1"
"4",0.766484758716957,1,"2"
"5",0.670874054965349,1,"2"
"6",0.734655210518132,1,"2"
"7",0.771410073450046,1,"3"
"8",0.880002172933654,1,"3"
"9",0.647030633889481,1,"3"
"10",0.28871749671183,0,"4"
"11",0.294378199745301,0,"4"
"12",0.304042511596141,0,"4"
