,x value,y value
0,0.6765278863846154,0.9375427848205128
1,0.806479926,0.6670239275333333
2,0.6083992223636363,0.21121242636363635
3,0.15702764012499992,0.6221082494375001
4,0.89338402642,0.92502109458
5,0.5196435003076922,0.7548248198461538
