"","Results","on","group"
"1",0.296317360876795,0,"1"
"2",0.24100590372973,0,"1"
"3",0.281631308503109,0,"1"
"4",0.304513889715364,0,"2"
"5",0.226411913942227,0,"2"
"6",0.281881415835653,0,"2"
"7",0.243965881112242,0,"3"
"8",0.275727953277248,0,"3"
"9",0.270599494695058,0,"3"
"10",0.823512304372943,1,"4"
"11",0.698325050959916,1,"4"
"12",0.763635267905397,1,"4"
