"","Results","on","group"
"1",0.756746145016644,1,"1"
"2",0.740532248719769,1,"1"
"3",0.749417778250638,1,"1"
"4",0.276086371357371,0,"2"
"5",0.325506769184035,0,"2"
"6",0.304478910689256,0,"2"
"7",0.658644062603314,1,"3"
"8",0.736152677671088,1,"3"
"9",0.64362408864172,1,"3"
"10",0.807901635147183,1,"4"
"11",0.798501437760484,1,"4"
"12",0.606004666666468,1,"4"
