"","Results","on","group"
"1",0.28924103422771,0,"1"
"2",0.316637124970205,0,"1"
"3",0.279791541940075,0,"1"
"4",0.716243699051169,1,"2"
"5",0.716556153503759,1,"2"
"6",0.795021640506282,1,"2"
"7",0.250018662882114,0,"3"
"8",0.270144941802092,0,"3"
"9",0.264915695215814,0,"3"
"10",0.304591967900282,0,"4"
"11",0.300606397522753,0,"4"
"12",0.226123195098584,0,"4"
