"","Results","on","group"
"1",0.796165958126106,1,"1"
"2",0.756537087975748,1,"1"
"3",0.494339992042015,1,"1"
"4",0.280778843591239,0,"2"
"5",0.258496746044673,0,"2"
"6",0.297945109019692,0,"2"
"7",0.239225943640866,0,"3"
"8",0.227673067130634,0,"3"
"9",0.317489334068049,0,"3"
"10",0.293997534126922,0,"4"
"11",0.31471655385001,0,"4"
"12",0.278929998846162,0,"4"
