"","Results","on","group"
"1",0.312986128223488,0,"1"
"2",0.298358378641028,0,"1"
"3",0.281922817031831,0,"1"
"4",0.719353454580616,1,"2"
"5",0.82012023644539,1,"2"
"6",0.829988081139684,1,"2"
"7",0.774296565240725,1,"3"
"8",0.725662948138485,1,"3"
"9",0.644971657036523,1,"3"
"10",0.652580679291219,1,"4"
"11",0.612113510729172,1,"4"
"12",0.769465467839112,1,"4"
