"Gate","isSingular","estimate","conf.low","conf.high","adj.p.value"
"AlexisnewGate",FALSE,0.628843219774675,0.355415702579144,0.902270736970206,6.55557838968868e-06
"pMulti-poor",FALSE,0.181455165255449,0.0147622958199133,0.348148034690985,0.0328806092850702
"pMulti-Trimmed",FALSE,0.41509405877557,-0.016630155049663,0.846818272600803,0.0595020312843055
