"Gate","isSingular","estimate","conf.low","conf.high","adj.p.value"
"AlexisnewGate",FALSE,0.628843219774675,0.355415702579144,0.902270736970206,6.55557838968868e-06
"pMulti-poor",FALSE,0.181455165255449,0.0147622958199133,0.348148034690985,0.0328806092850702
"pMulti-Trimmed",FALSE,0.41509405877557,-0.016630155049663,0.846818272600803,0.0595020312843055
"3input_Iteration1",FALSE,0.181455165255449,0.0147622958199133,0.348148034690985,0.0328806092850702
"3input_Iteration2",FALSE,0.50966849548302,0.145602731517715,0.873734259448325,0.00607283337746534
"3input_Iteration3",FALSE,0.628843219244382,0.35541570473201,0.902270733756755,6.55557714090982e-06
