"","Results","on","group"
"1",0.390639243252304,0,1
"2",0.359402959664381,0,1
"3",0.356322782502568,0,1
"4",0.521418203208814,1,2
"5",0.456376908139693,1,2
"6",0.499765449332063,1,2
"7",0.524768757449011,1,3
"8",0.598640933968472,1,3
"9",0.440156893802368,1,3
"10",2.02608769622337,1,4
"11",2.0658119280372,1,4
"12",2.1336316603238,1,4
