"","Results","on","group"
"1",0.079770009544136,0,1
"2",0.0895282023108304,0,1
"3",0.0708210365373943,0,1
"4",0.828260427699365,1,2
"5",0.838935512872947,1,2
"6",0.804776759760254,1,2
"7",0.835867644867168,1,3
"8",0.768353832423128,1,3
"9",0.977260531303404,1,3
"10",1.17728609802082,1,4
"11",1.32678042966789,1,4
"12",1.20218900816675,1,4
