"","Results","on","group"
"1",0.360686002455259,0,1
"2",0.342732988249536,0,1
"3",0.223950187474805,0,1
"4",0.902500087445939,1,2
"5",0.830879324545689,1,2
"6",0.957677165078088,1,2
"7",0.768937688800837,1,3
"8",0.73180358023561,1,3
"9",1.02049765607236,1,3
"10",1.20473372868702,1,4
"11",1.28963546760759,1,4
"12",1.14299046265991,1,4
