"","Results","on","group"
"1",0.759793892802485,1,"1"
"2",0.699039276071308,1,"1"
"3",0.693048327039126,1,"1"
"4",0.297208375829024,1,"2"
"5",0.260134837639625,1,"2"
"6",0.284866306119276,1,"2"
"7",0.299118191745936,1,"3"
"8",0.341225332362029,1,"3"
"9",0.25088942946735,1,"3"
"10",0.28871749671183,0,"4"
"11",0.294378199745301,0,"4"
"12",0.304042511596141,0,"4"
