"","Results","on","group"
"1",0.265025437537962,0,"1"
"2",0.264622484180917,0,"1"
"3",0.299107219203244,0,"1"
"4",0.819636851631786,1,"2"
"5",0.897336635143684,1,"2"
"6",0.767349759527511,1,"2"
"7",0.811672700085012,1,"3"
"8",0.744237240751787,1,"3"
"9",0.642004165070536,1,"3"
"10",0.762515462720619,1,"4"
"11",0.720328707975434,1,"4"
"12",0.819876543464385,1,"4"
