"","Results","on","group"
"1",0.85208161010161,1,"1"
"2",0.798224511272431,1,"1"
"3",0.77457017791596,1,"1"
"4",0.289994503527777,0,"2"
"5",0.331908096994974,0,"2"
"6",0.281326693714217,0,"2"
"7",0.228128136578426,0,"3"
"8",0.305367222598045,0,"3"
"9",0.299013437544326,0,"3"
"10",0.579267274548501,1,"4"
"11",0.818151906426022,1,"4"
"12",0.646196176904354,1,"4"
