"","Results","on","group"
"1",0.303211299285076,0,"1"
"2",0.340302861945935,0,"1"
"3",0.269195636655126,0,"1"
"4",0.678720237160795,1,"2"
"5",0.687467964443687,1,"2"
"6",0.659476482249901,1,"2"
"7",0.68495399174763,1,"3"
"8",0.629629616392732,1,"3"
"9",0.80081877316839,1,"3"
"10",0.278186753791183,0,"4"
"11",0.313511508666821,0,"4"
"12",0.28407118557467,0,"4"
