"Group","isSingular","estimate","conf.low","conf.high","adj.p.value"
"0",FALSE,0.890985589922128,-0.85199179955358,2.63396297939784,0.316388949437097
"1",FALSE,0.674171958510462,0.220485554125753,1.12785836289517,0.0035857070875347
"2",FALSE,0.217756061306011,-0.0798874874799914,0.515399610092014,0.151597970290674
"3",FALSE,0.660840386024922,-1.3886535872032,2.71033435925304,0.527404998084478
"4",FALSE,0.893261388844935,0.377862804469453,1.40865997322042,0.000681525635924496
"5",FALSE,0.696284157470847,-0.447246294305215,1.83981460924691,0.23271185452565
