"","Results","on","group"
"1",0.284230288614085,0,1
"2",0.266265086029429,0,1
"3",0.258374670466908,0,1
"4",0.676260778944633,1,2
"5",0.774002353428579,1,2
"6",0.656047637850734,1,2
"7",0.531989777271543,1,3
"8",0.712109620376073,1,3
"9",0.697292733926834,1,3
"10",1.31676718756713,1,4
"11",1.85979017314066,1,4
"12",1.46890729006258,1,4
