"","Results","on","group"
"1",0.0685903279557985,0,1
"2",0.0653846838372843,0,1
"3",0.0617828610750065,0,1
"4",0.48935609155144,1,2
"5",0.557904922751966,1,2
"6",0.564617742271894,1,2
"7",0.526732357306616,1,3
"8",0.493648264039786,1,3
"9",0.438756229276547,1,3
"10",1.77572973956794,1,4
"11",1.66561499518142,1,4
"12",2.09378358595677,1,4
