"","Results","on","group"
"1",0.82011035450814,0,1
"2",0.667026179503958,0,1
"3",0.779464124456448,0,1
"4",1.02313489849446,1,2
"5",0.760720408536194,1,2
"6",0.947092147580076,1,2
"7",0.819699906763536,1,3
"8",0.926417155395094,1,3
"9",0.909186069628114,1,3
"10",1.21550356630884,1,4
"11",1.03072727071262,1,4
"12",1.12712510374085,1,4
